http://www.wikidata.org/entity/Q30360992,Fluid management with a simplified conservative protocol for the acute respiratory distress syndrome*.
http://www.wikidata.org/entity/Q30365444,Chinese medicine: a cognitive and epistemological review*.
http://www.wikidata.org/entity/Q30418456,The impact of early monitored management on survival in hospitalized adult Ugandan patients with severe sepsis: a prospective intervention study*.
http://www.wikidata.org/entity/Q30697388,Using electronic health record data to develop and validate a prediction model for adverse outcomes in the wards*.
http://www.wikidata.org/entity/Q31051711,Mining microarray data at NCBI's Gene Expression Omnibus (GEO)*.
http://www.wikidata.org/entity/Q33267596,Exclusion of glucosyl-hydroxymethylcytosine DNA containing bacteriophages is overcome by the injected protein inhibitor IPI*.
http://www.wikidata.org/entity/Q33397860,Analysis of risk factors for adverse drug events in critically ill patients*.
http://www.wikidata.org/entity/Q33555553,"In gender-based outcomes, sex hormones may be important but it is in the genes*."
http://www.wikidata.org/entity/Q33643714,Support groups for dementia caregivers--predictors for utilisation and expected quality from a family caregiver's point of view: a questionnaire survey part I*.
http://www.wikidata.org/entity/Q33683294,The Task before Psychiatry Today Redux: STSPIR*.
http://www.wikidata.org/entity/Q33767344,Exploring the boundaries of systemic inflammation*.
http://www.wikidata.org/entity/Q33769396,Long-term survival in patients with severe acute respiratory distress syndrome and rescue therapies for refractory hypoxemia*.
http://www.wikidata.org/entity/Q33769412,"Sedation, sleep promotion, and delirium screening practices in the care of mechanically ventilated children: a wake-up call for the pediatric critical care community*."
http://www.wikidata.org/entity/Q33830365,Age-specific cerebral perfusion pressure thresholds and survival in children and adolescents with severe traumatic brain injury*.
http://www.wikidata.org/entity/Q33847417,Nonconvulsive electrographic seizures are common in children with abusive head trauma*.
http://www.wikidata.org/entity/Q33882704,Early lactate elevations following resuscitation from pediatric cardiac arrest are associated with increased mortality*.
http://www.wikidata.org/entity/Q33882734,Interdisciplinary ICU cardiac arrest debriefing improves survival outcomes*.
http://www.wikidata.org/entity/Q33917877,Daily goals: not just another piece of paper*.
http://www.wikidata.org/entity/Q33917882,Comorbidity or covert advantage? The obesity conundrum*.
http://www.wikidata.org/entity/Q33944927,Effects of fibrinogen concentrate after shock/resuscitation: a comparison between in vivo microvascular clot formation and thromboelastometry*.
http://www.wikidata.org/entity/Q33966013,Improved oxygenation 24 hours after transition to airway pressure release ventilation or high-frequency oscillatory ventilation accurately discriminates survival in immunocompromised pediatric patients with acute respiratory distress syndrome*.
http://www.wikidata.org/entity/Q34009929,Effect of local tidal lung strain on inflammation in normal and lipopolysaccharide-exposed sheep*.
http://www.wikidata.org/entity/Q34052600,The opportunity cost of futile treatment in the ICU*.
http://www.wikidata.org/entity/Q34052791,Epidemiology of death in the PICU at five U.S. teaching hospitals*.
http://www.wikidata.org/entity/Q34052843,The association of spiritual care providers' activities with family members' satisfaction with care after a death in the ICU*.
http://www.wikidata.org/entity/Q34057044,The next generation of sepsis clinical trial designs: what is next after the demise of recombinant human activated protein C?*.
http://www.wikidata.org/entity/Q34059664,The syllabic bridge: the first step in learning spelling-to-sound correspondences*.
http://www.wikidata.org/entity/Q34083272,Effects of fluid resuscitation with 0.9% saline versus a balanced electrolyte solution on acute kidney injury in a rat model of sepsis*.
http://www.wikidata.org/entity/Q34141278,Serum biomarkers of brain injury: a call for collaboration*.
http://www.wikidata.org/entity/Q34143348,A stepwise enteral nutrition algorithm for critically ill children helps achieve nutrient delivery goals*.
http://www.wikidata.org/entity/Q34274848,"The relationship between delirium duration, white matter integrity, and cognitive impairment in intensive care unit survivors as determined by diffusion tensor imaging: the VISIONS prospective cohort magnetic resonance imaging study*."
http://www.wikidata.org/entity/Q34282529,"The association between brain volumes, delirium duration, and cognitive outcomes in intensive care unit survivors: the VISIONS cohort magnetic resonance imaging study*."
http://www.wikidata.org/entity/Q34333962,"Prevalence, serologic and genetic studies of high expressers of the blood group A antigen on platelets*."
http://www.wikidata.org/entity/Q34412062,Competitive abilities in experimental microcosms are accurately predicted by a demographic index for R*.
http://www.wikidata.org/entity/Q34436114,"Seat belt syndrome, a new pattern of injury in developing countries. Case report and review of literature*."
http://www.wikidata.org/entity/Q34501385,Computed tomography-defined abdominal adiposity is associated with acute kidney injury in critically ill trauma patients*.
http://www.wikidata.org/entity/Q34536357,Cerebral performance category at hospital discharge predicts long-term survival of cardiac arrest survivors receiving targeted temperature management*.
http://www.wikidata.org/entity/Q34536454,Psychiatric symptoms and acute care service utilization over the course of the year following medical-surgical ICU admission: a longitudinal investigation*.
http://www.wikidata.org/entity/Q34616477,The AIMAR recommendations for early diagnosis of chronic obstructive respiratory disease based on the WHO/GARD model*.
http://www.wikidata.org/entity/Q34658548,Rai14 (retinoic acid induced protein 14) is involved in regulating f-actin dynamics at the ectoplasmic specialization in the rat testis*.
http://www.wikidata.org/entity/Q34679472,Mapping of a protein-RNA kissing hairpin interface: Rom and Tar-Tar*.
http://www.wikidata.org/entity/Q34703201,Do-not-resuscitate status and observational comparative effectiveness research in patients with septic shock*.
http://www.wikidata.org/entity/Q34755868,Association of cystic fibrosis transmembrane conductance regulator gene variants with acute lung injury in African American children with pneumonia*.
http://www.wikidata.org/entity/Q34823967,Prospective study on the clinical course and outcomes in transfusion-related acute lung injury*.
http://www.wikidata.org/entity/Q34931902,Location of the retinal chromophore in the activated state of rhodopsin*.
http://www.wikidata.org/entity/Q34988241,Choosing between methods to prevent methicillin-resistant Staphylococcus aureus in ICUs*.
http://www.wikidata.org/entity/Q34988288,Chronic critical illness: a growing legacy of successful advances in critical care*.
http://www.wikidata.org/entity/Q34988310,"Critically ill patients with H7N9: new virus, old challenges*."
http://www.wikidata.org/entity/Q35022688,Role of pharmacovigilance on vaccines control*.
http://www.wikidata.org/entity/Q35038284,Two decades of mortality trends among patients with severe sepsis: a comparative meta-analysis*.
http://www.wikidata.org/entity/Q35039182,Eupha strategy 2014-2020*.
http://www.wikidata.org/entity/Q35045934,Freudian theory and consciousness: a conceptual analysis**.
http://www.wikidata.org/entity/Q35048381,Familial hypertrophic cardiomyopathy related cardiac troponin C L29Q mutation alters length-dependent activation and functional effects of phosphomimetic troponin I*.
http://www.wikidata.org/entity/Q35063323,Comparison of two surgical approaches for the treatment of primary spontaneous pneumothorax*.
http://www.wikidata.org/entity/Q35063342,Compared to coverage by STSG grafts only reconstruction by the dermal substitute IntegraÂ® plus STSG increases TcPO2 values in diabetic feet at 3 and 6 months after reconstruction*.
http://www.wikidata.org/entity/Q35063345,VATS: first step in the parapneumonic empyema*.
http://www.wikidata.org/entity/Q35063352,Sentinel lymph node biopsy in head and neck melanoma*.
http://www.wikidata.org/entity/Q35105255,Safety of sildenafil in infants*.
http://www.wikidata.org/entity/Q35137091,The selective vasopressin type 1a receptor agonist selepressin (FE 202158) blocks vascular leak in ovine severe sepsis*.
http://www.wikidata.org/entity/Q35223713,Biomarkers S100B and neuron-specific enolase predict outcome in hypothermia-treated encephalopathic newborns*.
http://www.wikidata.org/entity/Q35279224,The application of collagen sheet in open wound healing*.
http://www.wikidata.org/entity/Q35279512,"Experience of burn injuries at the pakistan institute of medical science, islamabad, pakistan*."
http://www.wikidata.org/entity/Q35280291,The Action of MBC in Low- and Middle-Income Countries*.
http://www.wikidata.org/entity/Q35280400,Mammoplasty in correcting scar-induced breast deformities*.
http://www.wikidata.org/entity/Q35293895,Evolution of hepatitis C virus NS5A region in breakthrough patients during pegylated interferon and ribavirin therapy*.
http://www.wikidata.org/entity/Q35597164,Awakening and withdrawal of life-sustaining treatment in cardiac arrest survivors treated with therapeutic hypothermia*.
http://www.wikidata.org/entity/Q35671060,"Randomized trial of automated, electronic monitoring to facilitate early detection of sepsis in the intensive care unit*."
http://www.wikidata.org/entity/Q35674736,Early and late unplanned rehospitalizations for survivors of critical illness*.
http://www.wikidata.org/entity/Q35738183,Extravascular lung water predicts progression to acute lung injury in patients with increased risk*.
http://www.wikidata.org/entity/Q35771468,Angiopoietin-2 levels are associated with retinopathy and predict mortality in Malawian children with cerebral malaria: a retrospective case-control study*.
http://www.wikidata.org/entity/Q35774252,Serum biomarkers of brain injury to classify outcome after pediatric cardiac arrest*.
http://www.wikidata.org/entity/Q35774408,Is intrathoracic pressure regulation at the threshold of new resuscitation science?*.
http://www.wikidata.org/entity/Q35779683,A study in scarlet-convalescent plasma for severe influenza*.
http://www.wikidata.org/entity/Q35896469,Evolution - research - training from practice to law and ethics*.
http://www.wikidata.org/entity/Q35902249,The alternative for survival*.
http://www.wikidata.org/entity/Q35907481,The factor structure of traumatic stress in parents of children with cancer: a longitudinal analysis*.
http://www.wikidata.org/entity/Q35994716,Pediatric and neonatal extracorporeal membrane oxygenation: does center volume impact mortality?*.
http://www.wikidata.org/entity/Q36006278,Impact of nurse-led remote screening and prompting for evidence-based practices in the ICU*.
http://www.wikidata.org/entity/Q36044044,Chronic conditions among children admitted to U.S. pediatric intensive care units: their prevalence and impact on risk for mortality and prolonged length of stay*.
http://www.wikidata.org/entity/Q36044394,Derivation of a cardiac arrest prediction model using ward vital signs*.
http://www.wikidata.org/entity/Q36058029,Systemic release of cytokines and heat shock proteins in porcine models of polytrauma and hemorrhage*.
http://www.wikidata.org/entity/Q36142246,Multieffector-functional immune responses of HMBPP-specific VÎ_2VÎ´2 T cells in nonhuman primates inoculated with Listeria monocytogenes Î”actA prfA*.
http://www.wikidata.org/entity/Q36206033,A multibiomarker-based outcome risk stratification model for adult septic shock*.
http://www.wikidata.org/entity/Q36251617,"Immunogenicity of a quadrivalent Ann Arbor strain live attenuated influenza vaccine delivered using a blow-fill-seal device in adults: a randomized, active-controlled study*."
http://www.wikidata.org/entity/Q36279936,Control of mitochondrial metabolism and systemic energy homeostasis by microRNAs 378 and 378*.
http://www.wikidata.org/entity/Q36430010,The impact of HFE mutations on haemoglobin and iron status in individuals experiencing repeated iron loss through blood donation*.
http://www.wikidata.org/entity/Q36458076,Solvent-tuning the collapse and helix formation time scales of lambda(6-85)*.
http://www.wikidata.org/entity/Q36546339,Traumatic brain injury in Latin America: lifespan analysis randomized control trial protocol*.
http://www.wikidata.org/entity/Q36570324,An adaptive community-based participatory approach to formative assessment with high schools for obesity intervention*.
http://www.wikidata.org/entity/Q36579824,Variation in use of intensive care for adults with diabetic ketoacidosis*.
http://www.wikidata.org/entity/Q36602674,The role of mitochondria in apoptosis*.
http://www.wikidata.org/entity/Q36654049,Milestones in the development of Nordic general practice*.
http://www.wikidata.org/entity/Q36670292,Technical efficiency in milk production in underdeveloped production environment of India*.
http://www.wikidata.org/entity/Q36763697,The association of the kynurenine pathway of tryptophan metabolism with acute brain dysfunction during critical illness*.
http://www.wikidata.org/entity/Q36794240,"Arbonematodes - nematode infections transmissible by arthropods: arbeitskreis blut, untergruppe Â«bewertung blutassoziierter krankheitserregerÂ»*."
http://www.wikidata.org/entity/Q36838472,Use of intensive care services and associated hospital mortality after Massachusetts healthcare reform*.
http://www.wikidata.org/entity/Q36838483,Mild hypothermia decreases arrhythmia susceptibility in a canine model of global myocardial ischemia*.
http://www.wikidata.org/entity/Q36900277,"Editorial: 'To err is human, it takes a computer to really foul things up!'*."
http://www.wikidata.org/entity/Q36948893,BCL2 genetic variants are associated with acute kidney injury in septic shock*.
http://www.wikidata.org/entity/Q36960547,Ascending sensory motor polyradiculoneuropathy with cranial nerve involvement following administration of intrathecal methotrexate and intravenous cytarabine in a patient with acute myelogenous leukemia: a case report*.
http://www.wikidata.org/entity/Q36991825,Nutritional practices and their relationship to clinical outcomes in critically ill children--an international multicenter cohort study*.
http://www.wikidata.org/entity/Q36994658,Angiopoietin-2 may contribute to multiple organ dysfunction and death in sepsis*.
http://www.wikidata.org/entity/Q37017543,Timing of neuroprognostication in postcardiac arrest therapeutic hypothermia*.
http://www.wikidata.org/entity/Q37028190,Epidemiology of obstetric-related ICU admissions in Maryland: 1999-2008*.
http://www.wikidata.org/entity/Q37028290,Diverse attitudes to and understandings of spontaneous awakening trials: results from a statewide quality improvement collaborative*.
http://www.wikidata.org/entity/Q37059487,Characteristics of early vocabulary and grammar development in Slovenian-speaking infants and toddlers: a CDI-adaptation study*.
http://www.wikidata.org/entity/Q37082714,The attitudes of surgeons concerning preoperative smoking cessation: a questionnaire study*.
http://www.wikidata.org/entity/Q37082726,Non steroidal antiinflammatory drugs may be harmful to normal kidneys: experimental surgery model*.
http://www.wikidata.org/entity/Q37101835,Continuous chest compression cardiopulmonary resuscitation training promotes rescuer self-confidence and increased secondary training: a hospital-based randomized controlled trial*.
http://www.wikidata.org/entity/Q37108944,Early acute lung injury: criteria for identifying lung injury prior to the need for positive pressure ventilation*.
http://www.wikidata.org/entity/Q37109409,Ten-year outcome of serum metal ion levels after primary total hip arthroplasty: a concise follow-up of a previous report*.
http://www.wikidata.org/entity/Q37119211,Acute respiratory distress syndrome after spontaneous intracerebral hemorrhage*.
http://www.wikidata.org/entity/Q37187880,The association of lacking insurance with outcomes of severe sepsis: retrospective analysis of an administrative database*.
http://www.wikidata.org/entity/Q37205760,Nuclear factor-ÎºB signaling contributes to mechanical ventilation-induced diaphragm weakness*.
http://www.wikidata.org/entity/Q37262704,Treating cerebral edema in diabetic ketoacidosis: caveats in extrapolating from traumatic brain injury*.
http://www.wikidata.org/entity/Q37265746,Adverse effects of hemorrhagic shock resuscitation with stored blood are ameliorated by inhaled nitric oxide in lambs*.
http://www.wikidata.org/entity/Q37397968,The Bereaved Parent Needs Assessment: a new instrument to assess the needs of parents whose children died in the pediatric intensive care unit*.
http://www.wikidata.org/entity/Q37457004,"Levels of childhood vaccination coverage and the impact of maternal HIV status on child vaccination status in rural KwaZulu-Natal, South Africa*."
http://www.wikidata.org/entity/Q37531268,Antiparasitic treatment suppresses production and avidity of Toxoplasma gondii-specific antibodies in a murine model of acute infection*.
http://www.wikidata.org/entity/Q37612383,Character and temporal evolution of apoptosis in acetaminophen-induced acute liver failure*.
http://www.wikidata.org/entity/Q37620899,Rates and timing of central venous cannulation among patients with sepsis and respiratory arrest admitted by the emergency department*.
http://www.wikidata.org/entity/Q37625619,Timing of limitations in life support in acute lung injury patients: a multisite study*.
http://www.wikidata.org/entity/Q37633347,"Cardiopulmonary bypass is associated with hemolysis and acute kidney injury in neonates, infants, and children*."
http://www.wikidata.org/entity/Q37646906,An international career development survey of critical care practitioners*.
http://www.wikidata.org/entity/Q37650526,What can we learn from elegant clinical studies?*.
http://www.wikidata.org/entity/Q37673081,The promise of immunogenomics at the bedside: genetic risk of intra-abdominal candidiasis*.
http://www.wikidata.org/entity/Q37694465,Minding the brain*.
http://www.wikidata.org/entity/Q37723842,Management and supportive care measures for adverse events in patients with myelodysplastic syndromes treated with azacitidine*.
http://www.wikidata.org/entity/Q37727428,Triptolide inhibits the proliferation of cells from lymphocytic leukemic cell lines in association with downregulation of NF-ÎºB activity and miR-16-1*.
http://www.wikidata.org/entity/Q37944720,Armed conflict and burn injuries: a brief review*.
http://www.wikidata.org/entity/Q37944744,Nutritional and Pharmacological Modulation of the Metabolic Response of Severely Burned Patients: Review of the Literature (Part II)*.
http://www.wikidata.org/entity/Q37944745,Different surgical reconstruction modalities of the post-burn mutilated hand based on a prospective review of a cohort of patients*.
http://www.wikidata.org/entity/Q37944747,Nutritional and Pharmacological Modulation of the Metabolic Response of Severely Burned Patients: Review of the Literature (Part III)*.
http://www.wikidata.org/entity/Q38313197,A case of serendipity*.
http://www.wikidata.org/entity/Q39107545,Coordinated targeting of the EGFR signaling axis by microRNA-27a*.
http://www.wikidata.org/entity/Q39195638,Protein kinase Ymr291w/Tda1 is essential for glucose signaling in saccharomyces cerevisiae on the level of hexokinase isoenzyme ScHxk2 phosphorylation*.
http://www.wikidata.org/entity/Q39643923,Neurovascular protection by targeting early blood-brain barrier disruption with neurotrophic factors after ischemia-reperfusion in rats*.
http://www.wikidata.org/entity/Q39703822,Foundation and progress of Japanese society of toxicologic pathology*.
http://www.wikidata.org/entity/Q39847524,A CASE OF POLYCYTHAEMIA VERA-EXTRACTION OF BOTH LENSES. SATISFACTORY RESULT*.
http://www.wikidata.org/entity/Q39848187,AN INTRODUCTION TO BISHOP BERKELEY'S THEORY OF VISION*.
http://www.wikidata.org/entity/Q39848861,A CASE OF INTERSTITIAL KERATITIS AT AN EARLY AGE*.
http://www.wikidata.org/entity/Q39849164,A MODIFICATION AND EXTENSION OF THE McREYNOLDS' OPERATION FOR PTERYGIUM*.
http://www.wikidata.org/entity/Q39910865,"Study on the use of tobacco among male medical students in lucknow, India*."
http://www.wikidata.org/entity/Q39930292,ORBITAL CELLULITIS IN A BABY CAUSED BY ACUTE OSTEOMYELITIS OF THE MAXILLA*.
http://www.wikidata.org/entity/Q39931931,SUBCUTANEOUS SPLITTING OF THE LID IN THE OPERATIVE TREATMENT OF SENILE ECTROPION*.
http://www.wikidata.org/entity/Q40144936,"Cornell Assessment of Pediatric Delirium: a valid, rapid, observational tool for screening delirium in the PICU*."
http://www.wikidata.org/entity/Q40399421,Restriction generated oligonucleotides utilizing the two base recognition endonuclease CviJI*.
http://www.wikidata.org/entity/Q40463758,Primary pleural angiosarcoma as a mimicker of mesothelioma: a case report **VS**.
http://www.wikidata.org/entity/Q40580948,Isolation and characterization of collagen messenger RNA*.
http://www.wikidata.org/entity/Q40706960,Quarterly Journal of Studies on Alcohol*.
http://www.wikidata.org/entity/Q40799351,Regional lung strain and the metabolic signature of injury*.
http://www.wikidata.org/entity/Q40823481,FIFTEEN YEARS' EXPERIENCE WITH RADIUM*.
http://www.wikidata.org/entity/Q41613433,Using total quality management approach to improve patient safety by preventing medication error incidences*.
http://www.wikidata.org/entity/Q42157603,Lateralized olfactory difference in patients with a nasal septal deviation before and after septoplasty*.
http://www.wikidata.org/entity/Q42205782,Chlorhexidine-impregnated dressing for prevention of catheter-related bloodstream infection: a meta-analysis*.
http://www.wikidata.org/entity/Q42539592,Prognostication following cardiac arrest: do we have our patients' safety in mind?*.
http://www.wikidata.org/entity/Q42550110,Is neurologic prognostication after hypothermia ready for primetime?*.
http://www.wikidata.org/entity/Q42550281,Plasma biomarkers in acute respiratory distress syndrome: a work in progress*.
http://www.wikidata.org/entity/Q42551893,Drug induction of hepatic glutathione S-transferases in male and female rats*.
http://www.wikidata.org/entity/Q42584381,Raised intracranial pressure during CNS infection: what should we do about it?*.
http://www.wikidata.org/entity/Q42586216,Resolving conflicting comparative effectiveness research in critical care*.
http://www.wikidata.org/entity/Q42607499,"Trends in mortality and early central line placement in septic shock: true, true, and related?*."
http://www.wikidata.org/entity/Q42667902,The utility of steroids in pediatric cardiac operations*.
http://www.wikidata.org/entity/Q42723315,The evolving application of implementation science in critical care*.
http://www.wikidata.org/entity/Q42726567,Central venous catheter insertion in septic patients admitted from the emergency department: it is all in the timing*.
http://www.wikidata.org/entity/Q42737598,Lung metabolism during ventilator-induced lung injury: stretching the relevance of the normally aerated lung*.
http://www.wikidata.org/entity/Q42763313,The ongoing challenge of evaluating rescue therapies in acute respiratory distress syndrome*.
http://www.wikidata.org/entity/Q42796804,Blood transfusions and infected lungs--worse outcomes?*.
http://www.wikidata.org/entity/Q42827173,Age-specific cerebral perfusion pressure thresholds*.
http://www.wikidata.org/entity/Q42869403,"Chilled to the marrow: neonatal brain injury, hypothermia, and the immune system*."
http://www.wikidata.org/entity/Q42924406,"""Airborne assault"": a new dimension in Acinetobacter baumannii transmission*."
http://www.wikidata.org/entity/Q43063260,A better biomarker for cerebral malaria: in the eye of the beheld?*.
http://www.wikidata.org/entity/Q43072803,The outpatient provision of care for mental disorders in a rural area: an analysis of reimbursement claims in mecklenburg-west pomerania*.
http://www.wikidata.org/entity/Q43197255,Imaging depletion: fMRI provides new insights into the processes underlying ego depletion*.
http://www.wikidata.org/entity/Q43231002,Clearing lactate is clearly betterâ€_but how much?*.
http://www.wikidata.org/entity/Q45746985,Electronoiks *.
http://www.wikidata.org/entity/Q45747302,Behaviourâ€”The community and the general practitioner *.
http://www.wikidata.org/entity/Q45747771,Dianetics *.
http://www.wikidata.org/entity/Q45749577,Clinical-Public Health Case Conferences *.
http://www.wikidata.org/entity/Q45750811,An improvised orthopaedic collar *.
http://www.wikidata.org/entity/Q45750871,THE METHODS AND PLACE OF PHYSIO-THERAPY IN SCIENTIFIC MEDICINE AND GENERAL PRACTICE*.
http://www.wikidata.org/entity/Q45751612,Cellular Aspects of the Action of Freund's Adjuvant in the Spleen and Lymph Nodes*.
http://www.wikidata.org/entity/Q45751977,AMERICAN MEDICAL PERIODICAL LITERATURE *.
http://www.wikidata.org/entity/Q45754832,The cardiovascular system and its clinical considerations *.
http://www.wikidata.org/entity/Q45754968,Football injury: a literature review *.
http://www.wikidata.org/entity/Q45755308,The direct connections of the C2 dorsal ganglion in the brain stem of the squirrel monkey: a preliminary investigation *.
http://www.wikidata.org/entity/Q45755316,The pathomechanical effects of torsional components acting through the lower extremity *.
http://www.wikidata.org/entity/Q45755559,Intermittent claudication â€” with special reference to its neurogenic form as a diagnostic and management challenge **.
http://www.wikidata.org/entity/Q45755781,Reproducibility and interexaminer correlation of motion palpation findings of the sacroiliac joints *.
http://www.wikidata.org/entity/Q45755810,Theory and practice in chiropractic: An anthropological perspective *.
http://www.wikidata.org/entity/Q45755827,The present use of guinea pigs for chiropractic research *.
http://www.wikidata.org/entity/Q45755913,Clinical research: techniques to consider before one sets out to discover it all! *.
http://www.wikidata.org/entity/Q45756271,Vertebrogenic autonomic dysfunctionâ€”subjective symptons: a prospective study *.
http://www.wikidata.org/entity/Q45756369,Analysis of lumbar lordosis in an asymptomatic population of young adults *.
http://www.wikidata.org/entity/Q45756811,Chronic progressive intercostal pain: A diagnostic challenge *.
http://www.wikidata.org/entity/Q45756837,Intra and interexaminer reliability of motion palpation in the cervical spine *.
http://www.wikidata.org/entity/Q45756876,Traumatic pectorails major syndrome: a case report *.
http://www.wikidata.org/entity/Q45757902,Comparative dosimetric evaluation of current techniques in chiropractic full-spine and sectional radiography *.
http://www.wikidata.org/entity/Q45758387,"Lifestyle analysis: a comparative study between freshman, second and fourth year chiropractic students *."
http://www.wikidata.org/entity/Q45758437,Skin rolling technique as an indicator of spinal joint dysfunction *.
http://www.wikidata.org/entity/Q45758552,"Lateral nerve root entrapment: Pathological, clinical, and manipulative considerations *."
http://www.wikidata.org/entity/Q45758716,Osteitis pubis: a clinical challenge *.
http://www.wikidata.org/entity/Q45758900,Cervical spondylotic myelopathy: Part II: clinical and imaging considerations *.
http://www.wikidata.org/entity/Q45758926,Cervicogenic vertigo: a report of three cases *.
http://www.wikidata.org/entity/Q45758950,Cervical spondylotic myelopathy: Part I: anatomical and pathomechanical considerations *.
http://www.wikidata.org/entity/Q45759137,Nicholas Tonti-Filippini*.
http://www.wikidata.org/entity/Q45759236,Founders of the Canadian Chiropractic Association *.
http://www.wikidata.org/entity/Q45759597,The gravity stress analyzer for measuring spinal posture *.
http://www.wikidata.org/entity/Q45759960,Chiropractic Legislation: The Constitution and Rules of Natural Justice *.
http://www.wikidata.org/entity/Q45760139,Generalizability of patient profiles from a feasibility study *.
http://www.wikidata.org/entity/Q45760633,Medical-chiropractic correspondence *.
http://www.wikidata.org/entity/Q45761725,Slow onset cauda equina syndrome: a case report *.
http://www.wikidata.org/entity/Q45762075,S.E.M.G. and Chiropractic Guidelines *.
http://www.wikidata.org/entity/Q45762579,Treatment of Hydrocele*.
http://www.wikidata.org/entity/Q45763021,Burns of the Hand*.
http://www.wikidata.org/entity/Q45763159,Commentary: penetration of asbestos through the digestive wall in rats*.
http://www.wikidata.org/entity/Q45763282,Commentary: two instruments for fiber identification*.
http://www.wikidata.org/entity/Q45763304,Commentary: modes of asbestos detection in food and drugs*.
http://www.wikidata.org/entity/Q45763352,Commentary: modes of microscopy*.
http://www.wikidata.org/entity/Q45763392,Commentary: microparticles in biological tissues*.
http://www.wikidata.org/entity/Q45763493,Commentary: locating fibers in the bowel wall*.
http://www.wikidata.org/entity/Q45763921,The myth of progress *.
http://www.wikidata.org/entity/Q45765105,Industrial Injuries: Their Surgical Management*.
http://www.wikidata.org/entity/Q45769615,A Textual Information Detection and Elimination System for Secure Medical Image Distribution*.
http://www.wikidata.org/entity/Q45772105,Portability: A Determinant of Electronic Knowledge Resource Use*.
http://www.wikidata.org/entity/Q45772868,Low Intelligence and Obstetric Complications *.
http://www.wikidata.org/entity/Q45772888,"Paralysis Agitans Mortality in England and Wales, 1855-1962 *."
http://www.wikidata.org/entity/Q45772912,Two Space-time Interaction Tests for Epidemicity *.
http://www.wikidata.org/entity/Q45773370,Problems of Emergency Admissions to London Hospitals *.
http://www.wikidata.org/entity/Q45774005,Neuroses of War Wives*.
http://www.wikidata.org/entity/Q45774082,Psychogenic Factors in Gynecology*.
http://www.wikidata.org/entity/Q45774102,Psychogenic Factors in Obstetrics*.
http://www.wikidata.org/entity/Q45774114,The Significance of Psychoanalysis for Gynecology*.
http://www.wikidata.org/entity/Q45774674,The Use of Products of Fibrinogen and Thrombin in Otolaryngology*.
http://www.wikidata.org/entity/Q45774736,The Status of the Liver and Its Importance to the Surgeon*.
http://www.wikidata.org/entity/Q45774796,Portal Cirrhosis*.
http://www.wikidata.org/entity/Q45774810,Infections of the Liver With Special Reference to Amebiasis*.
http://www.wikidata.org/entity/Q45774853,The RÃ´le of the Gallbladder in Disease of the Liver*.
http://www.wikidata.org/entity/Q45774953,"2. The Symptomatology, Course, Clinical and Laboratory Findings *."
http://www.wikidata.org/entity/Q45775450,A High-Performance Database System for Managing Large Multi-resolution Medical Images*.
http://www.wikidata.org/entity/Q45777735,"STUDIES ON THE ENZYMIC ACTIVITY OF LYSOZYME, II. THE HYDROLYSIS AND TRANSFER REACTIONS OF N-ACETYLGLUCOSAMINE OLIGOSACCHARIDES*."
http://www.wikidata.org/entity/Q45777747,EFFECTS OF CHANGES IN SOME SOLVENT PARAMETERS ON CARBOXYPEPTIDASE A IN SOLUTION AND IN CROSS-LINKED CRYSTALS*.
http://www.wikidata.org/entity/Q45778462,THE STUDY OF ANATOMY *.
http://www.wikidata.org/entity/Q45778832,A Relational Clinical Data Management System: Supporting Urolithiasis Research*.
http://www.wikidata.org/entity/Q45778907,Monitoring System for Neurology*.
http://www.wikidata.org/entity/Q45779146,Utilization of Power Spectral Analysis Techniques to Quantify Alterations in the EEG*.
http://www.wikidata.org/entity/Q45779152,A Microprocessor-Based Unit Data Acquisition and Reduction System*.
http://www.wikidata.org/entity/Q45780056,A Quantitative Aproach to EEG Photic Flash Response*.
http://www.wikidata.org/entity/Q45780669,Patient Responses to Computer Counseling*.
http://www.wikidata.org/entity/Q45780765,An Adaptable System for Keeping Intake/Output Records for Fluid Management in the Critically Ill*.
http://www.wikidata.org/entity/Q45780798,Patient Counseling by Computer*.
http://www.wikidata.org/entity/Q45780969,A Production Rule System for Neurological Localization*.
http://www.wikidata.org/entity/Q45781052,Computer Support of Cardiovascular Surgical Registries*.
http://www.wikidata.org/entity/Q45781070,Computer Interviewing: Beyond Data Collection*.
http://www.wikidata.org/entity/Q45781087,Absorbed-Dose Computations for Inhomogeneous Media in Radiation-Treatment Planning Using Differential Scatter-Air Ratios*.
http://www.wikidata.org/entity/Q45781157,Gross and Segmental Motion Analysis in Dynamic Cardiac Imagery*.
http://www.wikidata.org/entity/Q45781176,Medikas â€” An Interactive Knowledge Acquisition System*.
http://www.wikidata.org/entity/Q45783509,Passive Cellular Transfer of Sensitivity to Serum*.
http://www.wikidata.org/entity/Q45784373,Foreword *.
http://www.wikidata.org/entity/Q45784809,The Bronchopulmonary Segments*.
http://www.wikidata.org/entity/Q45787844,Five Against Oblivion *.
http://www.wikidata.org/entity/Q45788952,A Longitudinal Medical Record (IMR)*.
http://www.wikidata.org/entity/Q45789444,MORTON AND ETHER (1846)*.
http://www.wikidata.org/entity/Q45789820,HISTORY OF MEDICINE IN THE EASTERN TOWNSHIPS *.
http://www.wikidata.org/entity/Q45791445,On the Combined Action of Antigens and Antibodies on the Bactericidal Power of defibrinated Blood*.
http://www.wikidata.org/entity/Q45796226,Systems of Zymogen Activation **.
http://www.wikidata.org/entity/Q45796254,The Effect of Divalent Cation Depletion on Phagocytosis of Staphylococci **.
http://www.wikidata.org/entity/Q45797016,The Effect of Corticosteroids Upon the Musculoskeletal System *.
http://www.wikidata.org/entity/Q45798320,Conference on the Ultracentrifuge*.
http://www.wikidata.org/entity/Q45798395,Epilepsy in General Practice *.
http://www.wikidata.org/entity/Q45799540,Renal Micropuncture Techniques: A Symposium *.
http://www.wikidata.org/entity/Q45805199,Congenital Hereditary Lymphoedema in the Dog. Part Iâ€”Clinical and Genetic Studies*.
http://www.wikidata.org/entity/Q45805211,Congenital Hereditary Lymphoedema in the Dog Part IIâ€”Pathological Studies*.
http://www.wikidata.org/entity/Q45805222,A Case of Translocation (C/14) with Mental Retardation in Two Offspring *.
http://www.wikidata.org/entity/Q45809591,"Situations dâ€™apprentissage problÃ©matiques en Ã©ducation mÃ©dicale: Outils novateurs et structurÃ©s pour lâ€™Ã©valuation, le diagnostic pÃ©dagogique et la prise en charge. Partie 1: cueillette des donnÃ©es*."
http://www.wikidata.org/entity/Q45812792,Software Design for Interactive Graphic Radiation Treatment Simulation Systems*.
http://www.wikidata.org/entity/Q45813170,Visual Standards in Industry. *.
http://www.wikidata.org/entity/Q45813592,THE PART PLAYED BY SCOTLAND IN EARLY CANADIAN MEDICAL DEVELOPMENT*.
http://www.wikidata.org/entity/Q45819693,Studies on the Nature and Pathogenesis of Muscular Degeneration in Cortisone-Treated Rabbits*.
http://www.wikidata.org/entity/Q45820134,THE MEDICAL HISTORY OF BRITISH COLUMBIA*.
http://www.wikidata.org/entity/Q45825448,Passive smoking: Absorption by non-smokers of carbon monoxide from room-air polluted by tobacco smoke*.
http://www.wikidata.org/entity/Q45826089,Microbial ecology of the female lower genital tract during pregnancy*.
http://www.wikidata.org/entity/Q45826114,Precipitating antibody in the sputum in chronic respiratory disease*.
http://www.wikidata.org/entity/Q45826219,Smallpox eradication in West and Central Africa*.
http://www.wikidata.org/entity/Q45826395,Discussion*.
http://www.wikidata.org/entity/Q45838082,Molded Picture Representation of Whole Body Organs Generated from CT Scan Sequences*.
http://www.wikidata.org/entity/Q45841411,The Subcommittee on Public Health Aspects of Energy*.
http://www.wikidata.org/entity/Q45842939,"3. The Diagnosis, Prognosis and Treatment *."
http://www.wikidata.org/entity/Q45843211,Whither Medicine? *.
http://www.wikidata.org/entity/Q45849442,A Self-Assessment with Individualized Learning Prescriptions System for Health Professionals*.
http://www.wikidata.org/entity/Q45850949,Information and Communication Services to Support Clinical Research: Broadening the Library System*.
http://www.wikidata.org/entity/Q45860300,"Presentation of the Academy Medal to Lloyd Old, M.D*."
http://www.wikidata.org/entity/Q45873144,"The Recovery of the Virus of Poliomyelitis from Extra-neural Sources in Man, with a Survey of the Literature *."
http://www.wikidata.org/entity/Q45876485,"AN ADDRESS ON FRANCIS JOSEPH GALL, AND THE STATE OF MEDICINE AT THE END OF THE 18TH CENTURY*."
http://www.wikidata.org/entity/Q45881147,Public Health at Yale *.
http://www.wikidata.org/entity/Q45890654,On the Phagocytosis of H?molytic Streptococci of High and Low Virulence by the Blood of Patients Infected with that Organism*.
http://www.wikidata.org/entity/Q45893414,AUGUSTUS BOZZI GRANVILLEâ€”JOURNEYMAN PHYSICIAN*.
http://www.wikidata.org/entity/Q45895214,"Thirty-Second Annual Meeting, Edmonton, January 17-19, 1963: Part I *."
http://www.wikidata.org/entity/Q45897593,On the Determination of the Geocentric Distance in the Laplace-Leuschner Direct Method for Parabolic Orbits***.
http://www.wikidata.org/entity/Q45897676,Discussion *.
http://www.wikidata.org/entity/Q45898812,Impact of Ohio Administrative License Suspension*.
http://www.wikidata.org/entity/Q45900360,Case of Pancreatic Calculi*.
http://www.wikidata.org/entity/Q45901135,SELECTED LIST OF BOOKS AND JOURNALS FOR THE SMALL MEDICAL LIBRARY *.
http://www.wikidata.org/entity/Q45903680,"Case of Acute Mercurial Poisoning Followed by General Necrosis of Maxillary Bones, and Purulent Otitis Media*."
http://www.wikidata.org/entity/Q45904196,PSYCHIATRY IN GENERAL PRACTICE *.
http://www.wikidata.org/entity/Q45904287,The Immunological Relationship between Kikuth's Canary Virus and Fowl-pox*.
http://www.wikidata.org/entity/Q45908299,INAUGURAL ADDRESS *.
http://www.wikidata.org/entity/Q45908532,MEDUS/A: A High-Level Database Management System*.
http://www.wikidata.org/entity/Q45910042,Flame-Resistant Textiles*.
http://www.wikidata.org/entity/Q45911869,Systemic and cardiac energetics in acute myocardial infarction and in cardiogenic shock in man: Effects of therapeutic interventions*.
http://www.wikidata.org/entity/Q45911885,A Method of Estimation of Diastase in Blood*.
http://www.wikidata.org/entity/Q45917839,Sudden Deathâ€”A Significant Hazard of Exercise?*.
http://www.wikidata.org/entity/Q45917885,Physiology's Contribution to Sport*.
http://www.wikidata.org/entity/Q45920368,Simultaneous Determinations of Arterial and Venous Blood-Sugars in Diabetic Individuals*.
http://www.wikidata.org/entity/Q45923202,Bayesian Classification in Medicine: The Transferability Question *.
http://www.wikidata.org/entity/Q45925896,Ana?robic Pneumococcus*.
http://www.wikidata.org/entity/Q45929694,Twenty five years on *.
http://www.wikidata.org/entity/Q45933592,Serum and Urine Metabolite Profiling Reveals Potential Biomarkers of Human Hepatocellular Carcinoma*.
http://www.wikidata.org/entity/Q45933600,Unusual N-glycan Structures Required for Trafficking Toxoplasma gondii GAP50 to the Inner Membrane Complex Regulate Host Cell Entry Through Parasite Motility*.
http://www.wikidata.org/entity/Q45933839,President's Address*.
http://www.wikidata.org/entity/Q45938953,Marat *.
http://www.wikidata.org/entity/Q45951104,Structure determination of crystalline substances by diffraction methods: Philosophic concepts and their implementation (A Review)*.
http://www.wikidata.org/entity/Q45969910,Industrial Hygiene in War Production*.
http://www.wikidata.org/entity/Q45969946,Arrhythmias and Electrolyte Disturbances*.
http://www.wikidata.org/entity/Q45975877,Pattern-Based Medical Diagnosis on a Microcomputer*.
http://www.wikidata.org/entity/Q45976097,"John McCrae, M.D.â€”In Memoriam *."
http://www.wikidata.org/entity/Q45976379,"Community Hypertension Management Project: A Randomized, Controlled Clinical Trial to Test a Computer-Supported Hypertension Management System in Primary Care*."
http://www.wikidata.org/entity/Q45976403,Quantitative Assessment of Heart Rate Changes Due to Therapeutic Interventions*.
http://www.wikidata.org/entity/Q45976425,Computer Analysis of Precordial Electrocardiographic Maps*.
http://www.wikidata.org/entity/Q45976525,An Image Processing System for Cardiovascular Wall Motion Studies*.
http://www.wikidata.org/entity/Q45976525,An Image Processing System for Cardiovascular Wall Motion Studies*.
http://www.wikidata.org/entity/Q45976823,Rule-Based Drug Prescribing Review Incorporating Patient Characteristics*.
http://www.wikidata.org/entity/Q45976904,The Algorithmic Processing of Structured Medical Text*.
http://www.wikidata.org/entity/Q45977120,Methodology for Studying the Cost-Effectiveness of the TRIMIS Computerized Electrocardiography System*.
http://www.wikidata.org/entity/Q45977232,A Computer-Aided Large Scale Pacemaker Surveillance System*.
http://www.wikidata.org/entity/Q45977483,Computer Diagnosis for the Complaint of Dizziness: A Prototype for a New Approach to Machine-Aided Diagnosis*.
http://www.wikidata.org/entity/Q45977782,Computer-Based Consultation for Repeated Diagnostic Tests*.
http://www.wikidata.org/entity/Q45978007,Methods for Evaluating Costs of Automated Hospital Information Systems*.
http://www.wikidata.org/entity/Q45987173,The opinions of Sir James Mackenzie *.
http://www.wikidata.org/entity/Q45994183,Diffuse Sclerosis in an Infant: Metachromatic Leukoencephalopathy*.
http://www.wikidata.org/entity/Q45997898,Discussion*.
http://www.wikidata.org/entity/Q46000188,PRESIDENTIAL ADDRESS *.
http://www.wikidata.org/entity/Q46001265,Opening Statement*.
http://www.wikidata.org/entity/Q46001654,Opening Remarks*.
http://www.wikidata.org/entity/Q46002227,U.S. Department of Commerce and the Flammability of Clothing Fabric*.
http://www.wikidata.org/entity/Q46003225,A HyperCard Implementation of Meta-1: The First Version of the UMLS Metathesaurus*.
http://www.wikidata.org/entity/Q46012173,Cost and Benefit Analysis of an Automated Nursing Administration System: A Methodology*.
http://www.wikidata.org/entity/Q46012904,TOWARDS HUDSON BAY *.
http://www.wikidata.org/entity/Q46014594,Summation*.
http://www.wikidata.org/entity/Q46014657,The First Commonwealth Medical Conference *.
http://www.wikidata.org/entity/Q46015130,Fiberglas: A True Fire-Safety Fabric*.
http://www.wikidata.org/entity/Q46015139,Welcoming Remarks*.
http://www.wikidata.org/entity/Q46015145,The Use of Synthetic Modacrylic Fibers*.
http://www.wikidata.org/entity/Q46015162,Industrial Experience in the Use of Flame-Retardant Fabrics*.
http://www.wikidata.org/entity/Q46015176,Action and Program for the Future*.
http://www.wikidata.org/entity/Q46015187,Why Are We Here?*.
http://www.wikidata.org/entity/Q46015210,Present Status of the Treatment of Burns*.
http://www.wikidata.org/entity/Q46015229,Statistics and Epidemiology of Burns*.
http://www.wikidata.org/entity/Q46015237,Application and Development of Flame-Retardant Finishes in Textile Mills*.
http://www.wikidata.org/entity/Q46015245,Merchants' Views on Flame-Retardant Textiles and Injuries from Burns*.
http://www.wikidata.org/entity/Q46015254,Controlling the Clothing Fire Problem*.
http://www.wikidata.org/entity/Q46015258,Pile Fabrics and Their Flammability*.
http://www.wikidata.org/entity/Q46015273,Aiding Fabric and Garment Designers in Reducing Fire Hazard*.
http://www.wikidata.org/entity/Q46015282,"Program Activities of the Division of Accident Prevention, U.S. Public Health Service*."
http://www.wikidata.org/entity/Q46015289,The Federal Flammable Fabrics Act*.
http://www.wikidata.org/entity/Q46015298,Survey of Fatal Clothing Fires*.
http://www.wikidata.org/entity/Q46015309,Flame Retardants and Their Application to Textiles*.
http://www.wikidata.org/entity/Q46015314,Medical Libraries and Medical History*.
http://www.wikidata.org/entity/Q46015318,Legal Aspects of the Clothing Fire Problem*.
http://www.wikidata.org/entity/Q46015336,Developments in the Cotton Industry*.
http://www.wikidata.org/entity/Q46015343,Role of the Fire Protection Agency*.
http://www.wikidata.org/entity/Q46015350,Development of Clothing for Protection from Hazardous Thermal Exposure*.
http://www.wikidata.org/entity/Q46015777,Concluding Remarks for Section I*.
http://www.wikidata.org/entity/Q46015875,Summary of Section II: Performance of Materials in Vascular Prosthetic Devices*.
http://www.wikidata.org/entity/Q46015942,Welcoming Address*.
http://www.wikidata.org/entity/Q46016649,Closing Remarks*.
http://www.wikidata.org/entity/Q46017376,The Rules and Regulations of an 18th Century French Hospital *.
http://www.wikidata.org/entity/Q46017782,Clinical Experience with Neurogenic Cardiac Arrhythmias*.
http://www.wikidata.org/entity/Q46017902,TAXIS: A Language for the Development of Clinical Trial Management Systems*.
http://www.wikidata.org/entity/Q46020564,Genital Herpes Simplex in Historical Perspective*.
http://www.wikidata.org/entity/Q46020574,Extragenital Lesions of Gonorrhea*.
http://www.wikidata.org/entity/Q46020583,The Responsibility of the Mass Media in the Control of Sexually Transmitted Diseases: A Hammer Without a Nail*.
http://www.wikidata.org/entity/Q46020602,"Nature, Diagnosis, and Management of Nonspecific Urethritis*."
http://www.wikidata.org/entity/Q46020612,Current Concepts of Prophylaxis*.
http://www.wikidata.org/entity/Q46020623,Summary of Afternoon Session*.
http://www.wikidata.org/entity/Q46020632,The Practical Management of Gonorrhea and Syphilis*.
http://www.wikidata.org/entity/Q46020639,An Overview of the History and Public Health Aspects of Venereal Disease*.
http://www.wikidata.org/entity/Q46020655,Diseases of Ignorance: The Role of the Voluntary Organization in Their Control*.
http://www.wikidata.org/entity/Q46020667,The Diagnosis of Syphilis*.
http://www.wikidata.org/entity/Q46020677,Changing Sexual Attitudes and Moresâ€”Their Relation to Pandemic Venereal Disease*.
http://www.wikidata.org/entity/Q46020689,Potential for Vaccines for Venereal Diseases*.
http://www.wikidata.org/entity/Q46020697,The Condom as Prophylactic*.
http://www.wikidata.org/entity/Q46020717,Psychology of Managing the Patient with Sexually Transmitted Diseases*.
http://www.wikidata.org/entity/Q46020726,Perspective Reflections on Venereal Disease*.
http://www.wikidata.org/entity/Q46020747,Detection and Management of Other Sexually Transmitted Diseases*.
http://www.wikidata.org/entity/Q46020759,Summary of Morning Session*.
http://www.wikidata.org/entity/Q46020795,Organization and Operation of a Facility for Sexually Transmitted Diseases*.
http://www.wikidata.org/entity/Q46020812,Profile of Venereal Disease and Care in New York and the United States*.
http://www.wikidata.org/entity/Q46020844,Coitus and Cancer*.
http://www.wikidata.org/entity/Q46020854,The VD Psyche*.
http://www.wikidata.org/entity/Q46021506,Organizational Meeting of the Section on Geriatric Medicine: Opening Remarks*.
http://www.wikidata.org/entity/Q46021584,President's Remarks*.
http://www.wikidata.org/entity/Q46022026,Symposium Summary*.
http://www.wikidata.org/entity/Q46022455,Bone morphogenetic proteins and growth factors: emerging role in regenerative orthopaedic surgery*.
http://www.wikidata.org/entity/Q46023946,Welcome*.
http://www.wikidata.org/entity/Q46025496,"Presentation of the Academy Medal to Elvin A. Kabat, Ph.D*."
http://www.wikidata.org/entity/Q46025578,"Presentation of the Academy Plaque to Maurice E. Shils, M.D*."
http://www.wikidata.org/entity/Q46027831,A new efficacy parameter (complete/near complete symptom relief) in allergic rhinitis management: results with a new therapy MP29-02*.
http://www.wikidata.org/entity/Q46031222,Summary and Concluding Remarks*.
http://www.wikidata.org/entity/Q46036367,Extracts Recent Literature on Fourth July Tetanus*.
http://www.wikidata.org/entity/Q46042879,OBSTETRICAL EMERGENCIES IN GENERAL PRACTICE*.
http://www.wikidata.org/entity/Q46044018,BIBLICAL MEDICINE AND HYGIENE*.
http://www.wikidata.org/entity/Q46044855,"Presentation of the Academy Plaque to Fidelio A. Jimenez, M.D*."
http://www.wikidata.org/entity/Q46044867,"Presentation of the Academy Medal to Matthew D. Scharff, M.D*."
http://www.wikidata.org/entity/Q46045417,"NEWS NOTES ILLUSTRATIVE OF THE PRACTICE OF MEDICINE IN UPPER CANADA, IN THE EARLY YEARS OF THE NINETEENTH CENTURY*."
http://www.wikidata.org/entity/Q46045687,Conference on Pediatric Poverty and Health: Introductory Remarks*.
http://www.wikidata.org/entity/Q46045858,LORD BALFOUR AND THE PROGRESS OF MEDICINE: Abstracted from an article in the British Medical Journal*.
http://www.wikidata.org/entity/Q46046264,REMARKS ON THE PRESENTATION OF A GAVEL TO THE ASSOCIATION OF AMERICAN PHYSICIANS*.
http://www.wikidata.org/entity/Q46047722,THE ELEVENTH EDITION OF OSLER'S TEXTBOOK OF MEDICINE*.
http://www.wikidata.org/entity/Q46048167,MEDICAL MATTERS IN THE APOCRYPHA*.
http://www.wikidata.org/entity/Q46048299,Discussion*.
http://www.wikidata.org/entity/Q46049232,A CASE OF PYLORIC OBSTRUCTION RESPONDING TO MEDICAL TREATMENT*.
http://www.wikidata.org/entity/Q46051395,EARLY OPHTHALMOLOGY IN TORONTO*.
http://www.wikidata.org/entity/Q46051889,MR. GRADGRIND AND MEDICAL EDUCATION*.
http://www.wikidata.org/entity/Q46053714,THE MEDICAL HISTORY OF BRITISH COLUMBIA*.
http://www.wikidata.org/entity/Q46054169,PEWTER OF MEDICAL INTEREST*.
http://www.wikidata.org/entity/Q46057492,Background to Byssinosis in Ulster*.
http://www.wikidata.org/entity/Q46061471,"Tuberculosis of the Uveal Tract, With Presentation of Case*."
http://www.wikidata.org/entity/Q46063230,Selected mutli-drug-resistance-organisms in selected Polish long-term-care facilities*.
http://www.wikidata.org/entity/Q46074200,A â€œCookbookâ€ù Cost Analysis Procedure for Medical Information Systems*.
http://www.wikidata.org/entity/Q46079664,The Sedimentary Record of the Eutrophication of Lake Washington*.
http://www.wikidata.org/entity/Q46082956,Pott's Disease in Children*.
http://www.wikidata.org/entity/Q46086556,CHAIRMAN'S SUMMARY REMARKS*.
http://www.wikidata.org/entity/Q46089525,Reply Endoscopic sclerotherapy using absolute alcohol*.
http://www.wikidata.org/entity/Q46097404,On Exemplary Scientific Conduct Regarding Submission of Manuscripts to Biomedical Informatics Journals*.
http://www.wikidata.org/entity/Q46102949,"Urologyâ€”Past, Present and Future*."
http://www.wikidata.org/entity/Q46103806,User Viewsâ€”A Mechanism for a User-Friendly Interface to a Large-Scale Database Management System*.
http://www.wikidata.org/entity/Q46120818,Blood Sugar in Experimental Diabetes*.
http://www.wikidata.org/entity/Q46121390,Toward a Science of Social Forecasting*.
http://www.wikidata.org/entity/Q46125960,Biliary Disease as Seen in General Practice *.
http://www.wikidata.org/entity/Q46134160,HISTORY OF PERNICIOUS ANÃ†MIA*.
http://www.wikidata.org/entity/Q46138576,"Tobacco Sensitiveness in Thrombo-Angiitis Obliterans, Migrating Phlebitis and Coronary Artery Disease*."
http://www.wikidata.org/entity/Q46144704,The Effect of Streptococcal Toxin on the Bactericidal Power of Human Blood*.
http://www.wikidata.org/entity/Q46148586,QMR-KAT: An Interactive Knowledge Acquisition Toold for the QMR Medical Knowledge Base*.
http://www.wikidata.org/entity/Q46158342,Association Notes: Presidential Address *.
http://www.wikidata.org/entity/Q46174415,Trans-Canada Medical Plans *.
http://www.wikidata.org/entity/Q46174432,IMPRESSIONS OF THE WINNIPEG MEETING *.
http://www.wikidata.org/entity/Q46181346,Blood and Electrolyte Balance in the Post-operative Cardiac Patient *.
http://www.wikidata.org/entity/Q46189920,Erratum to: Study of soil aggregate breakdown dynamics under low dispersive ultrasonic energies with sedimentation and X-ray attenuation**.
http://www.wikidata.org/entity/Q46189960,The President's Valedictory Address *.
http://www.wikidata.org/entity/Q46193803,Source Inversion and Matching in the UMLS Metathesauras*.
http://www.wikidata.org/entity/Q46218943,Subject of Following Letters: Rabiesâ€”As Viewed by a Lay Newspaper Health Section Columnist and by a California Health Officer*.
http://www.wikidata.org/entity/Q46227525,Accessory Sinus Disease in General Practice *.
http://www.wikidata.org/entity/Q46229047,"David W. C. Stewart, 1941â€“2000*."
http://www.wikidata.org/entity/Q46235709,Thomas Willis on the Brain*.
http://www.wikidata.org/entity/Q46249209,"A Report of the Last Meeting of the Council on Medical Education of the American Medical Association, with Comparison of Conditions Now Existing in California*."
http://www.wikidata.org/entity/Q46252499,"Situations dâ€™apprentissage problÃ©matiques en Ã©ducation mÃ©dicale: Outils novateurs et structurÃ©s pour lâ€™Ã©valuation, le diagnostic pÃ©dagogique et les interventions. Partie 2: examen objectif, diagnostic et plan*."
http://www.wikidata.org/entity/Q46254170,Routine Obstetrical Diagnoses*.
http://www.wikidata.org/entity/Q46257499,SLIPS: A Database System for Computer Storage and Analysis of Phonological Errors*.
http://www.wikidata.org/entity/Q46258506,The Origin of Life*.
http://www.wikidata.org/entity/Q46259856,Clinical Use of Psychotherapy Illustrated by Cases From Private Practice*.
http://www.wikidata.org/entity/Q46259955,On the Paralysis of the Abducens of Otitic Origin*.
http://www.wikidata.org/entity/Q46259976,"Section on Surgery, Sept. 19, 1911. Presentation of Cases*."
http://www.wikidata.org/entity/Q46260174,â€œLockjawâ€ù Caused by Spasm of the Internal Pterygoid Muscle*.
http://www.wikidata.org/entity/Q46262133,Intestinal Intoxication in Infants*.
http://www.wikidata.org/entity/Q46262219,THE MEDICAL HISTORY OF BRITISH COLUMBIA *.
http://www.wikidata.org/entity/Q46262328,Salvarsan as a Nerve Tonic and Alterative*.
http://www.wikidata.org/entity/Q46262471,Nephrectomy in a Case of Bilateral Pyonephrosis Recovery*.
http://www.wikidata.org/entity/Q46263576,SYMPOSIUM ON THE WASSERMANN REACTION AND SALVARSAN TREATMENT IN SYPHILIS: CONCERNING THE STANDARDIZATION OF REAGENTS FOR THE WASSERMANN TEST*.
http://www.wikidata.org/entity/Q46263749,"FLORENCE NIGHTINGALE, 1820-1856 *."
http://www.wikidata.org/entity/Q46266354,The Development and Use of a Causal Model for Reasoning about Heart Failure*.
http://www.wikidata.org/entity/Q46267323,THE PSYCHIATRIC PROBLEMS AND RESPONSIBILITIES OF THE GENERAL PRACTITIONER *.
http://www.wikidata.org/entity/Q46267386,CHRONIC GLANDULAR SWELLINGS OF THE NECK *.
http://www.wikidata.org/entity/Q46267532,CLAUDE BERNARD AND THE FUTURE OF MEDICINE *.
http://www.wikidata.org/entity/Q46268594,AUSCULTATION OF THE HEART *.
http://www.wikidata.org/entity/Q46269158,THE OCCIPITO-POSTERIOR POSITION *.
http://www.wikidata.org/entity/Q46269425,"DR. JOHN RAE, ARCTIC EXPLORER, AND HIS SEARCH FOR FRANKLIN *."
http://www.wikidata.org/entity/Q46270434,Obituary: Professor Christine A. Bellamy*.
http://www.wikidata.org/entity/Q46271243,THE TREATMENT OF ANÃ†MIA *.
http://www.wikidata.org/entity/Q46271469,INDIAN MEDICINE IN BRITISH COLUMBIA *.
http://www.wikidata.org/entity/Q46273963,SYMPTOMS PRODUCED BY A CALCIFIED AREA (CRANIOPHARYNGIOMA) IN THE MID SUPRASELLAR REGION *.
http://www.wikidata.org/entity/Q46274286,THE RESPONSIBILITY OF THE CANADIAN MEDICAL PROFESSION IN NATIONAL DEFENCE *.
http://www.wikidata.org/entity/Q46275412,JOHN HUTCHISON GARNIER A CANADIAN NATURALIST AND PHYSICIAN *.
http://www.wikidata.org/entity/Q46275441,MEDICINE IN CANADA *.
http://www.wikidata.org/entity/Q46275952,A Symposium ON THE TREATMENT OF NEURO-SYPHILIS WITH SPECIAL REFERENCE TO MALARIAL THERAPY *.
http://www.wikidata.org/entity/Q46279961,MEDICAL ETHICS *.
http://www.wikidata.org/entity/Q46282126,HEREDITY AND THE SOCIAL PROBLEM GROUP: A REVIEW *.
http://www.wikidata.org/entity/Q46282216,Prevalence of self-medication for skin diseases: a systematicreview*.
http://www.wikidata.org/entity/Q46284730,"OSLER'S PUBLICATIONS, WITH ESPECIAL REFERENCE TO HIS CONTRIBUTIONS ON HEART DISEASE *."
http://www.wikidata.org/entity/Q46285936,THE HEALING OF A WOUND *.
http://www.wikidata.org/entity/Q46288147,NICOLAS DE BLEGNY AND THE FIRST MEDICAL PERIODICAL *.
http://www.wikidata.org/entity/Q46299139,HYDRODYNAMICS OF THE ATMOSPHERE AND NUMERICAL WEATHER PREDICTIONâ€”A SYNTHESIS*.
http://www.wikidata.org/entity/Q46310575,Virulence of H?molytic Streptococci. II: The Influence of Oxygen on the Maintenance of Virulence in Broth Cultures*.
http://www.wikidata.org/entity/Q46319533,DEP: A Depression Emulation Program*.
http://www.wikidata.org/entity/Q46320706,Advanced Methods for Interactive Data Entry by Patients *.
http://www.wikidata.org/entity/Q46320807,Physicians' Legal Responsibilities in Industrial Medicine*.
http://www.wikidata.org/entity/Q46331956,Enforcement of the Zero Tolerance Law in California: A Missed Opportunity? *.
http://www.wikidata.org/entity/Q46340127,XXIV. ISRAEL AND MEDICINE*.
http://www.wikidata.org/entity/Q46345983,A CANADIAN NATURALIST; JOHN HUTCHISON GARNIER OF LUCKNOW*.
http://www.wikidata.org/entity/Q46350047,RECENT ADVANCES IN HÃ†MATOLOGY: 5.â€”THE TREATMENT OF ANÃ†MIA*.
http://www.wikidata.org/entity/Q46351447,SIR JAMES MACKENZIE*.
http://www.wikidata.org/entity/Q46352970,ON THE FIELD OF HONOUR*.
http://www.wikidata.org/entity/Q46354024,Targets of Convenience for Computer Automated Measurements of Electrical Tissue Impedance Spectra*.
http://www.wikidata.org/entity/Q46355791,A MID-VICTORIAN NOVELIST*.
http://www.wikidata.org/entity/Q46355811,THE MEANING AND METHODS OF SUCCESS*.
http://www.wikidata.org/entity/Q46360801,"Function, kinetic properties, crystallization, and regulation of microbial malate dehydrogenase*."
http://www.wikidata.org/entity/Q46408452,THE LIFE OF SIR CHARLES TUPPER *.
http://www.wikidata.org/entity/Q46427362,Effect of a flow chart on use of blood transfusions in primary total hip and knee replacement: prospective before and after study*.
http://www.wikidata.org/entity/Q46437640,Demonstration of a Factor of Toxoplasma gondii Enhancing the Penetration of Toxoplasma Parasites into Cultured Host Cells*.
http://www.wikidata.org/entity/Q46438234,Virus III in Tissue Cultures. II.â€”Further Observations on the Formation of Inclusion Bodies. III.â€”Experiments Bearing on Immunity*.
http://www.wikidata.org/entity/Q46447931,Introductory Speech for David Page*.
http://www.wikidata.org/entity/Q46462820,SELECTED LIST OF BOOKS AND JOURNALS FOR THE SMALL MEDICAL LIBRARY *.
http://www.wikidata.org/entity/Q46466649,The Impact of a Flexible Data Base Management System on the Decision Capabilites of Medical Professionals in an HMO Setting*.
http://www.wikidata.org/entity/Q46471760,OSLER'S PATHOLOGICAL COLLECTIONS AND HIS LITERARY OUTPUT *.
http://www.wikidata.org/entity/Q46478596,The Propagation of the Virus of Vesicular Stomatitis in the Chorio-Allantoic Membrane of the Developing Hen's Egg*.
http://www.wikidata.org/entity/Q46488364,THE NINETY-NINTH ANNUAL MEETING OF THE C.M.A: SCIENTIFIC PROGRAM *.
http://www.wikidata.org/entity/Q46517696,THE PIONEER DOCTOR OF ALBERTA: WILLIAM MORRISON KAY *.
http://www.wikidata.org/entity/Q46539967,An Investigation into the Effect of Combined Diphtheria-Tetanus-Pertussis Prophylactic*.
http://www.wikidata.org/entity/Q46547311,Availability and Physicochemical Stability of Zinc and Chromium in Total Parenteral Nutrition Solutions*.
http://www.wikidata.org/entity/Q46549521,Welcoming Remarks*.
http://www.wikidata.org/entity/Q46550237,Response to Conferment of Honorary Fellowship*.
http://www.wikidata.org/entity/Q46550478,The Health of Medicine and a Prognosis*.
http://www.wikidata.org/entity/Q46550580,"Presentation of the Academy Plaque to John V. Waller, M.D*."
http://www.wikidata.org/entity/Q46557045,The Three Dimensional Laxity of the Anterior Cruciate Deficient Knee as Determined by Clinical Laxity Tests *.
http://www.wikidata.org/entity/Q46562427,No one to blame*.
http://www.wikidata.org/entity/Q46563006,Two Notable Source-Books*.
http://www.wikidata.org/entity/Q46563979,4. Its Surgical Treatment *.
http://www.wikidata.org/entity/Q46575611,The role of evaluation and examinations in Colleges of General Practice *.
http://www.wikidata.org/entity/Q46575640,"Universities, colleges and organised curiosity *."
http://www.wikidata.org/entity/Q46575829,M.D. by thesis from general practice *.
http://www.wikidata.org/entity/Q46576852,Foundation of the New Zealand College *.
http://www.wikidata.org/entity/Q46578104,"Biomedical Research, Medical Care, and the Computer (abstract)*."
http://www.wikidata.org/entity/Q46584571,PATTERNS OF INTERACTION OF BIOLOGICAL MACROMOLECULES IN RELATION TO CELL FUNCTION*.
http://www.wikidata.org/entity/Q46585026,Another success story for horizontal infection control strategies--which one?*.
http://www.wikidata.org/entity/Q46593503,The Relationship of Blood-Groups to Disease*.
http://www.wikidata.org/entity/Q46599283,Integration of a Computer-Based Consultant into the Clinical Setting*.
http://www.wikidata.org/entity/Q46610645,Canadian Medicine and Its Debt to Scotland *.
http://www.wikidata.org/entity/Q46611891,Thomas Nicol*.
http://www.wikidata.org/entity/Q46629992,Chromoblastomycosis: an exuberant case*.
http://www.wikidata.org/entity/Q46639473,Association Notes: Valedictory Address *.
http://www.wikidata.org/entity/Q46645877,MARITAL INDIA*.
http://www.wikidata.org/entity/Q46649509,Diagnosis of Focal Sepsis*.
http://www.wikidata.org/entity/Q46657076,Heart Failure*.
http://www.wikidata.org/entity/Q46657114,Relative Sterility of Hands of Certain Metal Workers*.
http://www.wikidata.org/entity/Q46670274,Protective effect of dihydropteridine reductase against oxidative stress is abolished with A278C mutation*.
http://www.wikidata.org/entity/Q46670401,Implementation Monitoring: A Critical Step towards Realizing Benefits from Hospital Information Systems*.
http://www.wikidata.org/entity/Q46672785,Problems in Industrial Surgery*.
http://www.wikidata.org/entity/Q46674203,Improving Information Management Systems Employed in Clinical Research*.
http://www.wikidata.org/entity/Q46689846,Welcome*.
http://www.wikidata.org/entity/Q46714348,REPORT OF THE COMMITTEE ON HEALTH INSURANCE*.
http://www.wikidata.org/entity/Q46721286,"The Cause, Symptoms and Diagnosis of Nasal Sinusitis in their relation to General Practice *."
http://www.wikidata.org/entity/Q46722887,The Thirty-Third Annual Meeting of the Royal College of Physicians and Surgeons of Canada: Part I *.
http://www.wikidata.org/entity/Q46732105,The Edinburgh Medical Faculty of One Hundred Years Ago *.
http://www.wikidata.org/entity/Q46734907,The One Hundredth Annual Meeting: Scientific Program *.
http://www.wikidata.org/entity/Q46739371,â€˜Tod Sloanâ€™ : transcript of a programme on Capital Radio*.
http://www.wikidata.org/entity/Q46745019,"Excess risk of lymphomas, leukemia and myeloma in patients with rheumatoid arthritis *."
http://www.wikidata.org/entity/Q46747379,Structure determination of gaseous and amorphous substances by diffraction methods: Philosophical concepts and their implementation (A Review)*.
http://www.wikidata.org/entity/Q46760997,ANTIQUE ENGLISH DELFT POTTERY OF MEDICAL INTEREST *.
http://www.wikidata.org/entity/Q46775085,Bactericidal Activity of Serum of the Yabbie (Parachaeraps bicarinatus)*.
http://www.wikidata.org/entity/Q46781099,Developing Social Indicators*.
http://www.wikidata.org/entity/Q46785239,The National Resource Library for Youth with Disabilities*.
http://www.wikidata.org/entity/Q46787738,TWO CONFIGURATIONS OF TOBACCO MOSAIC VIRUS-RIBONUCLEIC ACID*.
http://www.wikidata.org/entity/Q46789966,Using Experience to Improve Clinical Decision Making*.
http://www.wikidata.org/entity/Q46793871,The Quality Control of Data in a Clinical Database Systemâ€”The Patient Identification Problem *.
http://www.wikidata.org/entity/Q46802829,The Effect of Penicillin on Treponema pallidum Infection in Rabbits*.
http://www.wikidata.org/entity/Q46805514,HEAT EXCHANGE AND WEATHER FORECASTING*.
http://www.wikidata.org/entity/Q46810049,The Thirty-Fourth Annual Meeting of the Royal College of Physicians and Surgeons of Canada: Part I *.
http://www.wikidata.org/entity/Q46810789,Studies in Artificial Aphasia â€” Experiments in Processing Change*.
http://www.wikidata.org/entity/Q46810824,Intraperitoneal noxythiolin and povidone-iodine in experimental peritonitis*.
http://www.wikidata.org/entity/Q46815943,Use of CAI/VIDEO in Diabetes Patient Nutritional Education*.
http://www.wikidata.org/entity/Q46816793,"Computer Assistance to Formulate, Order and Evaluate Parenteral Nutrition Solutions*."
http://www.wikidata.org/entity/Q46817599,A New Microprocessor Based Data Reduction for Monitoring Communication and Storage of ECG Signal*.
http://www.wikidata.org/entity/Q46817745,Computer Assisted Evaluation of the Jaundiced Patient*.
http://www.wikidata.org/entity/Q46819679,A Methodology for Determination of Laboratory Instrument Computer Interface Efficacy*.
http://www.wikidata.org/entity/Q46820090,Computer Assistance to Provide Patient-Specific Guidelines for Cardiac Resuscitation*.
http://www.wikidata.org/entity/Q46820817,Challenges and Opportunities in Joining a National Combined Health Information Database (CHID)*.
http://www.wikidata.org/entity/Q46821468,Can Adaâ„¢ Be a Standard Language for Medical Information Processing?*.
http://www.wikidata.org/entity/Q46821509,A Method for Improving the Quality of Data in STOR*.
http://www.wikidata.org/entity/Q46821743,Navy Mental Health Information System (NAMHIS): A Psychiatric Application of COSTAR*.
http://www.wikidata.org/entity/Q46822895,A Methodology for Estimating Costs and Benefits of Medical Information Systems*.
http://www.wikidata.org/entity/Q46838758,Formal Properties of the Metathesaurus: An Update*.
http://www.wikidata.org/entity/Q46838950,Handsfree Decision Support: Toward a Non-invasive Human-Computer Interface*.
http://www.wikidata.org/entity/Q46838965,"Concept, Code, Term and Word: Preserving the Distinctions*."
http://www.wikidata.org/entity/Q46838988,Explaining Your Terminology to a Computer*.
http://www.wikidata.org/entity/Q46839006,MEME II: An Environment for Managing Meaning*.
http://www.wikidata.org/entity/Q46839626,PDQ-3D: A Prototype Three Dimensional Semantic Visualizer for Oncology Knowledge Sources*.
http://www.wikidata.org/entity/Q46843242,â€œCHRISâ€ù: A Computer Simulation of Schizophrenia*.
http://www.wikidata.org/entity/Q46843756,Analogies between Mathematical Models of Physiological Systems and Relational Data Bases*.
http://www.wikidata.org/entity/Q46844105,Self-Scanning Linear Diode Array Digital Radiography*.
http://www.wikidata.org/entity/Q46844422,Preliminary Evaluation of MDXâ€”A Medical Diagnosis System*.
http://www.wikidata.org/entity/Q46844460,The Development of a Health Services Management Data Base System: A Case Study of the Philadelphia Mental Health/Mental Retardation System*.
http://www.wikidata.org/entity/Q46845949,Evaluation of a Teleradiology System*.
http://www.wikidata.org/entity/Q46845995,A Logic-Based Approach to Conceptual Database Analysis*.
http://www.wikidata.org/entity/Q46846059,Impact of Technological Research on Nursing Practice*.
http://www.wikidata.org/entity/Q46846082,Analysis of the Immune Response to Malignant Cells by Computer Simulation*.
http://www.wikidata.org/entity/Q46846652,An Integrated Program for User Training: Experience with COSTAR*.
http://www.wikidata.org/entity/Q46846687,Benefits of Automation within DoD Hospitals*.
http://www.wikidata.org/entity/Q46846915,Towards a Computer Model of Psychiatric Reasoning*.
http://www.wikidata.org/entity/Q46847058,A Simple Set of Quantities and Diagrams for a Summary or R-R Interval Values in Cardiac Arrhythmias*.
http://www.wikidata.org/entity/Q46847530,Linguistic Variables and Approximate Reasoning*.
http://www.wikidata.org/entity/Q46858469,"The Computerized Notation System A Portable, Self-Contained System for Entry of Physicians' and Nurses' Notes*."
http://www.wikidata.org/entity/Q46858676,The Recommendations of a Canadian Royal Commission Relating to Computer-Based Health Record Keeping *.
http://www.wikidata.org/entity/Q46858711,Tapping Computer Resources for Quality Assurance: Research and Program Development *.
http://www.wikidata.org/entity/Q46858898,RECONSIDER: A Program for Generating Differential Diagnoses *.
http://www.wikidata.org/entity/Q46859769,The Recovery of a Clinical Database Management System after Destruction by Fire *.
http://www.wikidata.org/entity/Q46859869,Non-Invasive Continuous Monitoring of Pulmonary Performance *.
http://www.wikidata.org/entity/Q46859905,Systematic Evaluation of the Impact of Computer-Acquired Data on Psychiatric Care *.
http://www.wikidata.org/entity/Q46860023,Rule-Based Drug Prescribing Review: An Operational System *.
http://www.wikidata.org/entity/Q46860098,Implementation of a Prototype Generalized Network Technology for Hospitals *.
http://www.wikidata.org/entity/Q46860403,"Blood Gas System for Result Acquisition, Calculation and Reporting in the Montreal Children's Hospital *."
http://www.wikidata.org/entity/Q46860746,Computer Assisted Instruction for Behavioral Medicine *.
http://www.wikidata.org/entity/Q46860819,The Acquisition and Use of Morbidity Data in Naval Environments *.
http://www.wikidata.org/entity/Q46860888,The Application of Computer-Based Techniques to the Development of Injury Severity Indices *.
http://www.wikidata.org/entity/Q46861349,Understanding Employee Reactions to a Medical Information System *.
http://www.wikidata.org/entity/Q46861426,Natural Language Access to Medical Text *.
http://www.wikidata.org/entity/Q46861693,A Data Base System for Tracking Sexually Transmissible Disease (STD) Morbidity *.
http://www.wikidata.org/entity/Q46862046,Analysis of Fetal Heart Rate and Uterine Activity Signals by Using Apple II Plus Microcomputer *.
http://www.wikidata.org/entity/Q46862567,Titration of Scarlet Fever Antitoxin*.
http://www.wikidata.org/entity/Q46862662,FLOWMAPâ€”An Interactive Graphic Mapping Program for Displaying Patient Origin-Destination Patterns in Space and Time *.
http://www.wikidata.org/entity/Q46862940,On the Modeling of Time in Clinical Data Base Applications *.
http://www.wikidata.org/entity/Q46862951,A Computerized Instrument for Practice Management Instruction *.
http://www.wikidata.org/entity/Q46867209,You Say Goodbye and I Say Helloâ€_*.
http://www.wikidata.org/entity/Q46871836,Bibliography of Human Genetics*.
http://www.wikidata.org/entity/Q46876342,Psychiatric Advice in Industry: I *.
http://www.wikidata.org/entity/Q46883840,President's Address: The Anatomy of a Marathon*.
http://www.wikidata.org/entity/Q46885188,Reply *.
http://www.wikidata.org/entity/Q46891653,Introductory Speech for Sir David Weatherall*.
http://www.wikidata.org/entity/Q46891683,Introductory Speech for Joan Marks*.
http://www.wikidata.org/entity/Q46905059,Omentum-to-Brain Transplants *.
http://www.wikidata.org/entity/Q46915088,"Surface Replacement. Past, Present and Futureâ€”An Essay *."
http://www.wikidata.org/entity/Q46920515,Case of Pancreatic Cyst*.
http://www.wikidata.org/entity/Q46932910,Unilateral Cervical Facet Subluxation/dislocation *.
http://www.wikidata.org/entity/Q46937769,The RÃ´le of the X-Ray in the Diagnosis of Posterior Herniation of the Intervertebral Disc *.
http://www.wikidata.org/entity/Q46940760,The Thirty-Fifth Annual Meeting of the Royal College of Physicians and Surgeons of Canada: Part II. Scientific Program *.
http://www.wikidata.org/entity/Q46944035,Mycin: A Knowledge-Based Computer Program Applied to Infectious Diseases*.
http://www.wikidata.org/entity/Q46965758,Medical Aspects of Radiations used in Industry*.
http://www.wikidata.org/entity/Q46971212,Conference on Intra-Oral Cancer *.
http://www.wikidata.org/entity/Q46975439,The evolution of myocardial injury: Prognostic implications*.
http://www.wikidata.org/entity/Q46981610,Recent Immunologic Experiments in Tobacco Hypersensitivity*.
http://www.wikidata.org/entity/Q46982798,APPLICATIONS OF NUTRITIONAL AND FOOD SCIENCE TO MEETING WORLD FOOD NEEDS*.
http://www.wikidata.org/entity/Q47094963,Studies on the B. Virus. IV: Histopathology of the Experimental Disease in Rhesus Monkeys and Rabbits*.
http://www.wikidata.org/entity/Q47095793,Antioxidant activity of alcohol aqueous extracts of Crypthecodinium cohnii and Schizochytrium sp.*.
http://www.wikidata.org/entity/Q47098471,IDENTIFICATION OF EXCITING STARS AND DETERMINATION OF EMISSION NEBULA PARAMETERS ON THE BASIS OF RADIO-ASTRONOMICAL DATA*.
http://www.wikidata.org/entity/Q47102052,Treatment Sclerosis of Middle Ear*.
http://www.wikidata.org/entity/Q47104732,EXPLORING THE FEASIBILITY AND ACCEPTABILITY OF BIOMARKER COLLECTION FOR HIV INFECTION AND CHRONIC STRESS AMONG TRANSWOMEN IN PUERTO RICO*.
http://www.wikidata.org/entity/Q47105032,EDWARD TYSON'S ORANG-OUTANG*.
http://www.wikidata.org/entity/Q47105475,Gamma knife radiosurgery of tentorial meningiomas*.
http://www.wikidata.org/entity/Q47109590,Mesenchymal stem cells as therapeutic agents and in gene delivery for the treatment of glioma*.
http://www.wikidata.org/entity/Q47112106,Changes in the physiological properties and kinetics of citric acid accumulation via carbon ion irradiation mutagenesis of Aspergillus niger*.
http://www.wikidata.org/entity/Q47112758,The Toxoiding of Purified Diphtheria Toxin*.
http://www.wikidata.org/entity/Q47116890,The Absorption of Albumin without Digestion *.
http://www.wikidata.org/entity/Q47119495,Studies on Puberty: Part II. The Pattern of Differential Growth *.
http://www.wikidata.org/entity/Q47126337,Blood Phosphorus in Health and Disease.?II. Changes in the Phosphorus Compounds of the Blood in Renal Disease*.
http://www.wikidata.org/entity/Q47126985,In Memoriam: Walter M. Brickner*.
http://www.wikidata.org/entity/Q47127025,"The Classification of HÃ_moglobinophilic Bacteria, Based upon their Relation to Blood-Pigment and to the â€œVitamineâ€ù Factor*."
http://www.wikidata.org/entity/Q47127747,Development and use of influenza vaccines*.
http://www.wikidata.org/entity/Q47127772,Influenza Virus on the Developing Egg. IV The Pathogenicity and Immunizing Power of Egg Virus for Ferrets and Mice*.
http://www.wikidata.org/entity/Q47128921,HISTORY OF MAJOR ATMOSPHERIC COMPONENTS*.
http://www.wikidata.org/entity/Q47130919,Bibliography of Human Genetics*.
http://www.wikidata.org/entity/Q47131387,The Care of the Chronic Sick: I. Medical and Nursing Requirements *.
http://www.wikidata.org/entity/Q47131751,F. J. SHEPHERD AS ANATOMIST *.
http://www.wikidata.org/entity/Q47132059,San Francisco Management Looks at Industrial Health*.
http://www.wikidata.org/entity/Q47132190,"The Fluorescence of 3: 4-Benzpyrene in vivo. Part I: The Distribution of Fluorescence at Various Sites, Especially the Skin of Mice*."
http://www.wikidata.org/entity/Q47134892,Neuroprotection of dexmedetomidine against propofol-induced neuroapoptosis partly mediated by PI3K/Akt pathway in hippocampal neurons of fetal rat*.
http://www.wikidata.org/entity/Q47136709,Some Foot Faults Related to Form and Function. *.
http://www.wikidata.org/entity/Q47137245,"Further Studies on the Differentiation of the Virus of Vesicular Stomatitis from that of Foot-and-Mouth Disease, with Particular Reference to a Rapid and Certain Method of Resolving Mixtures of the Two Viruses*."
http://www.wikidata.org/entity/Q47137429,Antimelanogenic effects of Inula britannica flower petal extract fermented by Lactobacillus plantarum KCCM 11613P*.
http://www.wikidata.org/entity/Q47139267,Metarule: A System that Learns to Diagnose Radionuclide Imagery*.
http://www.wikidata.org/entity/Q47139656,An analysis of patents for anesthetic laryngoscopes*.
http://www.wikidata.org/entity/Q47143581,"ARTHUR MATHEWSON, A.M., M.D*."
http://www.wikidata.org/entity/Q47143818,Adhesion of bone marrow mesenchymal stem cells on porous titanium surfaces with strontium-doped hydroxyapatite coating*.
http://www.wikidata.org/entity/Q47145219,Seventh International Congress of Human Genetics: Molecular genetics*.
http://www.wikidata.org/entity/Q47147003,Charitable trusts and human research genetic databases: the way forward?*.
http://www.wikidata.org/entity/Q47149308,Toxicity comparison of different active fractions extracted from radix Sophorae tonkinensis in zebrafish*.
http://www.wikidata.org/entity/Q47153842,"Furanyl-fentanyl overdose events caused by smoking contaminated crack cocaine â€” British Columbia, Canada, July 15â€“18, 2016*."
http://www.wikidata.org/entity/Q47154519,1. The Etiology and Pathology *.
http://www.wikidata.org/entity/Q47160072,Bilingual deaf readersâ€™ use of semantic and syntactic cues in the processing of English relative clauses*.
http://www.wikidata.org/entity/Q47160634,Global changes of 5-hydroxymethylcytosine and 5-methylcytosine from normal to tumor tissues are associated with carcinogenesis and prognosis in colorectal cancer*.
http://www.wikidata.org/entity/Q47200084,Surgical Emergencies in General Practice Exclusive of Trauma *.
http://www.wikidata.org/entity/Q47250966,SOLAR ACTIVITY AND TERRESTRIAL DISTURBANCES*.
http://www.wikidata.org/entity/Q47399425,A. Murray Fisher*.
http://www.wikidata.org/entity/Q47439981,The Significance and Value of the Lange Goldsol Reaction in Disseminated Sclerosis*.
http://www.wikidata.org/entity/Q48111213,"Kinship matters: long-term mortality consequences of childhood migration, historical evidence from northeast China, 1792-1909*."
http://www.wikidata.org/entity/Q49166662,Social Security Income and Health Care Spending: Evidence from the Social Security Notch*.
http://www.wikidata.org/entity/Q49175729,"The Public Health Act(1872): Its Defects, and Suggested Amendments*."
http://www.wikidata.org/entity/Q49180487,The Mechanism of Rotation in Occipito-posterior Positions *.
http://www.wikidata.org/entity/Q49275051,"VACCINATION AND COMMON SENSE: An Address delivered at the Annual Meeting of the Subscribers to the Hospital Saturday Fund at the Mansion House on March 22nd, 1902 *."
http://www.wikidata.org/entity/Q49292416,Obituary: Professor Grant Jordan*.
http://www.wikidata.org/entity/Q49297111,POINTS IN THE EARLY DIAGNOSIS OF PULMONARY TUBERCULOSIS *.
http://www.wikidata.org/entity/Q49308418,Obituary: Professor Howard Elcock*.
http://www.wikidata.org/entity/Q49308617,"Headache from Tobacco, Drugs, etc*."
http://www.wikidata.org/entity/Q49317124,Reactivation of Chagas-Mazza disease during treatment with infliximab*.
http://www.wikidata.org/entity/Q49563959,Distribution and sources of variability of sister-chromatid exchange frequencies in cattle*.
http://www.wikidata.org/entity/Q49570411,Abstract of an Address on the Materials of Blood-Poisoning: Is Malignant Disease Parasitic?*.
http://www.wikidata.org/entity/Q49703762,The Favourable Influence of Gelatin in the Medium on the Activity of a Staphylococcus Bacteriophage*.
http://www.wikidata.org/entity/Q49725466,The General Practitioner and the Maternity Service*.
http://www.wikidata.org/entity/Q49731254,SELECTED LIST OF BOOKS AND JOURNALS FOR THE SMALL MEDICAL LIBRARY *.
http://www.wikidata.org/entity/Q49746965,Observations on Some of the Effects of the Application of the Calabar â€œOrdeal Beanâ€ù to the Eye*.
http://www.wikidata.org/entity/Q49768633,"Browsing MIM, PDQ, CDD, and MEDLINE Using MetaCard*."
http://www.wikidata.org/entity/Q49785275,"An Address ON KINKS OF SURGICAL IMPORTANCE: Delivered at the Clinical Congress of the American College of Surgeons in Chicago, October 24th, 1923 *."
http://www.wikidata.org/entity/Q49876116,Clinical management of cardiogenic shock*.
http://www.wikidata.org/entity/Q50144573,Los Angeles Management Looks at Industrial Health*.
http://www.wikidata.org/entity/Q50147395,Symposium on Obstetrics; Some End-Results *.
http://www.wikidata.org/entity/Q50190155,Application of a chitosan coating as a carrier for natamycin to maintain the storage quality of ground cherry (Physalis pubescens L.)*.
http://www.wikidata.org/entity/Q50197375,Filtration of the Virus of Foot-and-Mouth Disease Through a New Series of Graded Collodion Membranes*.
http://www.wikidata.org/entity/Q50199229,The Effect of Vitamin Deficiency on the Structure of the Thyroid and Thymus Glands*.
http://www.wikidata.org/entity/Q50210262,The RÃ´le of Oxygen in Bacteriophagy*.
http://www.wikidata.org/entity/Q50223382,The Whole Story of Clinical Research in a Nutshell *.
http://www.wikidata.org/entity/Q50229069,The Beginnings of Industrial Medicine in England*.
http://www.wikidata.org/entity/Q50233713,EVIDENCE FOR WINDS IN THE OUTER ATMOSPHERE*.
http://www.wikidata.org/entity/Q50300437,EVOLUTION AND INTEGRATION OF MECHANISMS THAT REGULATE POPULATION GROWTH*.
http://www.wikidata.org/entity/Q50308797,Quantitative Profiling of In Vivo-assembled RNA-Protein Complexes Using a Novel Integrated Proteomic Approach*.
http://www.wikidata.org/entity/Q50317760,Semi-Autonomous Electrosurgery for Tumor Resection Using a Multi-Degree of Freedom Electrosurgical Tool and Visual Servoing*.
http://www.wikidata.org/entity/Q50318780,The Inaugural Address at the Sixtieth Annual Meeting of the Canadian Medical Association *.
http://www.wikidata.org/entity/Q50327067,Application of Nutrition to Public Health*.
http://www.wikidata.org/entity/Q50333698,A Brief History of the Postgraduate Medical School*.
http://www.wikidata.org/entity/Q50339197,An Address ON INTERNATIONAL ORGANIZATION AND PUBLIC HEALTH *.
http://www.wikidata.org/entity/Q50416111,Studies in Immunity to HÃ_molytic Streptococci.â€”II. Variations in the Ability of Broth Cultures to Withstand the Bactericidal Power of Normal Human Blood*.
http://www.wikidata.org/entity/Q50416351,"A COMMUNICATION ON A â€œFILTER-PASSINGâ€ù VIRUS IN CERTAIN DISEASES: With Especial Reference to Polyneuritis, Encephalitis, Trench Fever, Influenza, and Nephritis *."
http://www.wikidata.org/entity/Q50416361,The Effect of Tetrathionate on Bacterial Growth*.
http://www.wikidata.org/entity/Q50416568,Using Metacard: A Hypercard Browser for Biomedical Knowledge Sources*.
http://www.wikidata.org/entity/Q50416897,THE ARGUS EXPERIMENT*.
http://www.wikidata.org/entity/Q50417348,CoÃ»t des mÃ©dicaments pour entorse vertÃ©brale subie lors d'un accident de la route *.
http://www.wikidata.org/entity/Q50429148,DISCUSSION OF THE PAPERS BY CHRISTIAN AND SNYDER*.
http://www.wikidata.org/entity/Q50429159,COLOR VISION AND THE NATURAL IMAGE. PART I*.
http://www.wikidata.org/entity/Q50429162,ULTRACENTRIFUGAL FRACTIONATION AND IRON DISTRIBUTION IN INFECTIOUS NUCLEATES FROM TOBACCO MOSAIC VIRUS*.
http://www.wikidata.org/entity/Q50429163,THE ARRANGEMENT OF PURINE AND PYRIMIDINE NUCLEOTIDES IN TOBACCO MOSAIC VIRUS NUCLEIC ACID*.
http://www.wikidata.org/entity/Q50429168,BIOPHYSICAL STUDIES OF INFECTIOUS RIBONUCLEIC ACID FROM TOBACCO MOSAIC VIRUS*.
http://www.wikidata.org/entity/Q50430182,SELECTED LIST OF BOOKS AND JOURNALS FOR THE SMALL MEDICAL LIBRARY *.
http://www.wikidata.org/entity/Q50430205,Dr. Casey Wood *.
http://www.wikidata.org/entity/Q50431478,PROPOSAL LEADING TO FUTURE LARGE RADIO TELESCOPES*.
http://www.wikidata.org/entity/Q50453210,INFANT NUTRITION IN PARIS IN THE YEAR 1780 *.
http://www.wikidata.org/entity/Q50453477,THE HUMAN RESPONSE TO SINGLE DOSES OF SULPHANILAMIDE *.
http://www.wikidata.org/entity/Q50453489,THE DEPARTMENT'S RESPONSIBILITY FOR FOOD PROTECTION *.
http://www.wikidata.org/entity/Q50453535,THINKING PAST THE PROFESSION *.
http://www.wikidata.org/entity/Q50453567,THE MELTING POT IN NOVA SCOTIA *.
http://www.wikidata.org/entity/Q50453632,THE MEDICAL LANGUAGE OF ST. LUKE *.